pEtaBin,jEtaBin,pPtbin,N_WP0,N_WP0error,N_WPc,N_WPcerror,N_WPb,N_WPberror
0,0,0,8097.975317422596,22.55330212342968,2007.124894118967,11.262180524341852,1045.0525674357598,8.08416209840976
0,0,0,8097.975317422596,22.55330212342968,2007.124894118967,11.262180524341852,1045.0525674357598,8.08416209840976
0,0,0,8097.975317422596,22.55330212342968,2007.124894118967,11.262180524341852,1045.0525674357598,8.08416209840976
0,0,0,8097.975317422596,22.55330212342968,2007.124894118967,11.262180524341852,1045.0525674357598,8.08416209840976
